Start,Start
End,End
First Name,First Name,
Last Name,Last Name
How would you use,How would you use
The Competition has been saved,The Competition has been saved
Date of Birth,Date of Birth
This Competition no longer exists.,This Competition no longer exists.
The Competition has been deleted.,The Competition has been deleted.
Draw lots subscriber is unavailable,Draw lots subscriber is unavailable
Draw lots subscriber successfully,Draw lots subscriber successfully
The Competition has been saved.,The Competition has been saved.
Disclaimer Content,Disclaimer Content
Additional field in frontend,Additional field in frontend
